uid,city,description,homeType,latitude,longitude,garageSpaces,hasSpa,yearBuilt,numOfPatioAndPorchFeatures,lotSizeSqFt,avgSchoolRating,MedianStudentsPerTeacher,numOfBathrooms,numOfBedrooms,priceRange,description_length,sentiment,luxury_keyword_count,condition_keyword_count,amenity_keyword_count,unique_word_count,exclamation_count,priceRange,price_numeric
7636,austin,Simple comtemporary home with contemporary interior.,Single Family,30.16663932800293,-97.8606414794922,2,False,1978,0,23958.000000000004,7.333333333333332,17,2.0,3,450000-650000,52,0.08333333333333333,0,0,0,5,0,450000-650000,4
13941,austin,"New construction modern farmhouse nestled off thriving S. 1st! This beautiful home offers an ideal split floor plan, 2 living areas & an oversized master suite. Gourmet kitchen w/ butler pantry, gas range & breakfast bar. The home boasts white oak hardwood floors, a sunken living area w/ cathedral ceilings & four panel glass sliders leading to an oversized & covered outdoor patio. If you're looking for it all-functionality & space, ample storage, a mud room,laundry chute,2 car garage & yard, welcome home!",Single Family,30.23861312866211,-97.76458740234376,0,False,2018,1,7187.0,4.0,12,3.0,4,650000+,510,0.4623376623376623,2,2,2,55,2,650000+,5
2999,austin,"6806 Edgefield Dr, Austin, TX 78731 is a single family home that contains 3,758 sq ft and was built in 1968. It contains 5 bedrooms and 5 bathrooms. 
 
",Single Family,30.35651779174805,-97.765625,0,False,1968,0,17424.0,7.0,16,5.0,5,650000+,154,-0.07142857142857142,0,0,0,13,0,650000+,5
10041,austin,"Total rebuild. Everything new! Large BRs. Master- W/ private bath. Open concept.  Granite counters, new appliances, modern lighting. Brushed nickel hardware/fixtures. Custom tile/luxury vinyl flooring. Carpeted bedrooms. Fenced yard. New AC/furnace & tankless water heater. No neighbors behind. Large backyard/mature trees.  Neighborhood is mix of old & new, changing quickly due to gentrification. Close to parks/trails. Minutes from Lady Bird Lake, Downtown and UT.  .3 miles from the Metro bus.",Single Family,30.27036666870117,-97.68986511230467,0,False,2019,1,7187.0,3.0,11,2.0,4,0-250000,497,0.0559369202226345,2,2,0,56,1,0-250000,1
5313,austin,"This gorgeous Lock and Leave condo lives like a single family home! All living is on one level with an open floor plan that creates the ideal living space. The gourmet kitchen will make any home chef happy with ample counter/cabinet space and high end appliances! Master bedroom w/ private bath features a double vanity, walk-in shower and 2 closets! The fully fenced yard is exclusive to this unit and completely maintained by the HOA! Enjoy resort style living in this gated community with a pool & grilling",Condo,30.1501522064209,-97.85739135742188,0,False,2013,1,7409.0,7.333333333333332,17,2.0,2,0-250000,509,0.3035714285714286,2,0,2,54,4,0-250000,1
12191,austin,"Fantastic well maintained home in a great neighborhood and no HOA, chef's kitchen open to large family area,lots of space and storage, breakfast area and formal dining,awesome large game room upstairs for 2nd living,lots of natural light thru-out home,luxurious master suite w/queens bath, double vanities,separate shower,nice size secondary bedrooms, upgraded flooring, fenced backyard with covered patio to enjoy the outdoors,easy access to major roads,eateries,shopping and employers and minutes to downtown",Single Family,30.181316375732425,-97.81781005859376,2,False,2001,1,5749.0,3.333333333333333,14,3.0,3,0-250000,510,0.14546703296703298,0,0,1,58,0,0-250000,1
4,pflugerville,"Brimming with appeal & warm livability! Sleek & stylish home with modern finishes & amenities await you! Enjoy the open floor plan, gorgeous gourmet kitchen with center island, spacious living room, high ceiling, stay cozy by the fireplace in family room and so much more! Backyard - perfect for outdoor fun! This won't last!",Single Family,30.437368392944336,-97.6568603515625,0,False,2002,0,6708.0,4.0,14,3.0,3,0-250000,325,0.343076923076923,1,1,1,35,5,0-250000,1
2566,austin,"Gorgeous 5 acre, gated estate with sweeping views!  Stately home, 5 beds each w/ en-suite baths, 3.5 car garage, prepped for elevator.  Gracious master wing with paneled study.  Custom designed media/game/hobby rm with bar.  Privacy, luxury and serenity in a coveted location! Exit your gate and be just mins from retail, bus. centers and DT Austin.  Sought-after Eanes ISD schools!  Sketch out your oasis- sport court, pool, casita. *Photo of pool is rendering/inspiration only. Buyer to verify feasibility.Restrictions: Yes  Sprinkler Sys:Yes",Single Family,30.30124473571777,-97.8771743774414,3,True,2000,2,219106.8,9.333333333333334,14,7.0,5,650000+,544,0.5,2,0,4,58,3,650000+,5
1013,austin,"Over 100K price drop! Gorgeous, private Westminster estate w Hill Country & Downtown views. Cul-de-sac w circular drive, 4 car garage, 4 covered outdoor living areas/outdoor kitchen, pool/spa w waterfall, iron fencing, big/flat back yard. Exceptional finishes...real wood floors, 2 story living with floor to ceiling windows & stone fireplace, full br/study & bath on 1st floor, master w exercise room, fireplace, WOW closet.  Bar, gameroom, craftroom, wineroom, media, sauna. A+ schools. Now a great value!!",Single Family,30.36491394042969,-97.84327697753906,0,True,1999,0,43560.0,7.0,16,4.0,5,650000+,508,0.4023809523809524,0,0,5,59,3,650000+,5
5105,austin,MULTIPLE OFFERS. Please submit by 5pm 1/28/18. The most finely tuned home in quaint Tanglewood Forest. Walk through your stately covered porch into the open living with vaulted ceilings. The floor-to-ceiling brick fireplace adds to the warmth of this home. Flexible kitchen with island allows for a bfast area in addition to the allocated dining. Efficient layout with generous 2nd and 3rd bedrooms in addition to the elegant master with french doors leading to your private backyard.,Single Family,30.17609405517578,-97.8294448852539,2,False,1983,0,6185.0,5.0,15,2.0,3,250000-350000,484,0.15166666666666667,1,0,1,46,0,250000-350000,2
5585,austin,"7116 Walkup Ln, Austin, TX 78747 is a single family home that contains 2,020 sq ft and was built in 2004. It contains 3 bedrooms and 3 bathrooms. 
 
",Single Family,30.14974975585937,-97.73775482177734,2,False,2004,0,3615.0,5.333333333333333,15,3.0,3,250000-350000,151,-0.07142857142857142,0,0,0,13,0,250000-350000,2
14623,austin,"3720 Bridle Path, Austin, TX 78703 is a condo home that contains 3,232 sq ft and was built in 1984. It contains 3 bedrooms and 3 bathrooms. 
 
",Condo,30.29779815673828,-97.7823486328125,0,False,1984,1,5867.0,7.0,16,3.0,3,650000+,143,0.0,0,0,0,13,0,650000+,5
503,austin,"Beautifully landscaped 3 bdrm., 2 bath 1-story situated on a cul-de-sac in the highly desired UT gated section of Steiner Ranch. Numerous features adorn this home: 3rd bedroom/office has a drop down murphy bed w/ built-ins (no closet), open floorplan, large kitchen w/granite counters, stainless appl, & island, lovely entry w/ tray ceilings, crown molding & arches, gas log fireplace, large master retreat, walk-in shower, 2nd living area.  Private backyard setting overlooking the greenbelt & stunning views",Residential,30.349781036376964,-97.89220428466795,2,False,2006,4,11325.6,8.333333333333334,17,2.0,3,450000-650000,509,0.191001221001221,1,0,3,60,0,450000-650000,4
1057,austin,"TEXT-Fantastic 1 Story nestled in a cul-de-sac/greenbelt lot*Tree covered backyard*Private deck w great views of the hill country*LG family room open to kitchen, BâFast w box windows, high ceilings, fireplace n windows that allow plenty of natural light*Master Bed w sitting area*His/Hers walk-in closet & exit to deck*Master bath w dual Vanities/Sep. shower, jetted tub*Bathroom sinks have been refinished( Dec'18)New int/ext paint*Club/pool*Easy access to 360*Mins to Lake Austin, Domain & Arboretum",Single Family,30.37311363220215,-97.79268646240234,0,False,1992,0,6359.0,7.0,17,2.0,4,450000-650000,501,0.192,0,1,4,63,0,450000-650000,4
9054,austin,"Very well maintained and lovely home! Original owners! Great floorplan with master down and plenty of closet and storage space! Beautifully landscaped backyard! Minutes to The Domain, IH 35, MOPAC, numerous high-tech employers, North Austin Medical Center, etc.",Single Family,30.42587471008301,-97.68035888671876,0,False,2001,0,5749.0,4.333333333333333,13,3.0,3,350000-450000,261,0.3110339506172839,0,0,0,28,4,350000-450000,3
2268,austin,"Brand new laminate wood flooring, tile in remainder of house, no carpet! Brand new fence. One owner. Kitchen is open to the living and dining area. Community offers a pool, park, hike and bike trails and sports courts. Quick and easy access to the highway and DT Austin. Refrigerator conveys.  Biking distance to McKinney Falls Park and close to Blazier Elementary school.",Single Family,30.150421142578125,-97.73919677734376,2,False,2005,0,3615.0,5.333333333333333,15,2.0,3,0-250000,372,0.2104978354978355,0,1,1,41,1,0-250000,1
5042,austin,"OFFER DEADLINE 7 PM WED 5/29/19.Stunning, charming, artfully crafted home on amazing greenbelt lot in Bauerle Ranch in S Austin. wonderful updates like Google Fiber, wood-tile flooring, SS appliances, fixtures, amazing backyard living spaces with a spacious covered porch, detached pergola and firepit--all overlooking the lush and gorgeous greenbelt. Very private and peaceful. Great neighborhood amenities--community pool, trails, parks, etc. convenient location to nearby retail, dining, entertainment",Single Family,30.16793632507324,-97.8418197631836,0,False,2006,2,7013.0,5.0,15,3.0,3,350000-450000,504,0.5277777777777778,1,0,1,52,0,350000-450000,3
8356,austin,"Beautiful one story home in the ever popular Pearson Place of Avery Ranch.  Light and Bright home.  Huge island kitchen that opens up to family.  Cozy stone fireplace, gourmet kitchen, stainless appliances, study/office, personal work space. All new interior paint and new carpet in bedrooms.",Single Family,30.49953651428223,-97.7563247680664,2,False,2012,1,9975.0,8.0,16,3.0,3,450000-650000,292,0.32227272727272727,2,1,1,33,0,450000-650000,4
9484,austin,"1201 Taylor St, Austin, TX 78702 is a single family home that contains 1,414 sq ft and was built in 2007. It contains 2 bedrooms and 3 bathrooms. 
 
",Single Family,30.25657081604004,-97.7339859008789,0,False,2007,0,2831.0,4.666666666666667,14,3.0,2,450000-650000,151,-0.07142857142857142,0,0,0,13,0,450000-650000,4
851,austin,"Drive up the gorgeous hills of Jester Point to this 3 bed, 2.5 bath brick home whose classic architecture is beautifully framed by the well-manicured lawn and mature trees.  With soaring ceilings and abundant light, the home has a flexible floor plan with numerous options for entertaining, including a formal dining room with butler's pantry, breakfast nook, and a built-in bar that opens to the living room.  The gourmet kitchen features a a large island, granite counters, wine rack & slate back splash.  In addition to the wood-paneled office downstairs, there is a large owner's suite with bay window, coffered ceiling, and a private entrance to the serene backyard.  The spa-like master bathroom features dual vanities, a glassed-in shower, and jetted tub.  Two spacious bedrooms upstairs share a Jack-and-Jill bathroom.  Plus this home has excellent storage in the laundry room, under the stairs, and in the garage. A peaceful backyard is ready to be enjoyed from the sun porch or patio.",Single Family,30.38959884643555,-97.8022918701172,0,False,1991,0,9888.0,7.0,17,3.0,3,350000-450000,994,0.35595238095238096,1,0,3,96,0,350000-450000,3
12723,austin,"WOW, fully updated home in great South Austin neighborhood! Beautiful remodel includes all new kitchen cabinets, counters (Quartz), backsplash and SS Appliances.  New hardwood floors throughout living areas and tile in wet areas.  Updated bathrooms and a Master bathroom you'll love, huge walk-in shower and closet.  This house is located on a cul-de-sac giving it a huge backyard with plenty of room for a pool or gardens.",Single Family,30.218996047973643,-97.86181640625,0,False,1996,0,10890.0,6.0,17,3.0,4,350000-450000,423,0.38030303030303025,1,2,2,42,1,350000-450000,3
6813,austin,"Charming 2 story home set in a private cul-de-sac,  Huge trees with a fenced in yard. See attached for recent upgrades.  3 Living areas.    Great South Austin location but convenient to Mopac or IH35 with Shopping and Restaurants nearby.",Single Family,30.18390846252441,-97.8104476928711,0,False,1995,0,6054.0,3.333333333333333,14,3.0,3,250000-350000,237,0.38,0,1,0,27,0,250000-350000,2
8504,austin,"Fabulous one story in northwest Austin. This home has recently had lots of updating and shows very well. It is very clean and well maintained with four bedrooms and lots of space. Plenty of cabinet space in the kitchen with upgraded counters. Semi private backyard with storage shed. Very close to parks, schools, shopping, major highways, and many employers.",Single Family,30.428693771362305,-97.7225341796875,2,False,1983,0,9060.0,6.666666666666668,15,2.0,4,250000-350000,359,0.22989583333333335,0,0,0,34,0,250000-350000,2
4306,austin,Large back covered Patio ~ No carpet: Only hard tile and Wood laminate in this House! ~ Spacious 4 Bed/2.5 Bath. Master located on main floor. Kitchen opens to family room. High ceilings in family room with lots natural light. Formal Dining room could double as an office. Second living area located upstairs.Expansive covered patio opens to large backyard. Easy access to highways and a quick 20 minute drive to downtown Austin,Single Family,30.3361873626709,-97.64653778076172,0,False,2005,0,9583.0,5.0,11,3.0,4,250000-350000,428,0.12748626373626373,0,0,1,45,1,250000-350000,2
6538,austin,"8900 Parker Ranch Cir UNIT A, Austin, TX 78748 is a condo home that contains 1,559 sq ft and was built in 2018. It contains 3 bedrooms and 3 bathrooms. 
 
",Condo,30.1979923248291,-97.84376525878906,1,False,2018,1,6651.0,6.666666666666668,16,3.0,3,250000-350000,157,0.0,0,0,0,15,0,250000-350000,2
5800,austin,"This gorgeous & spacious 5 bedroom home in the Savannah Section of Steiner Ranch has outdoor living in mind with amazing upgrades inside as well. The lushly landscaped private backyard includes an oversized covered back porch overlooking a custom-built pool with canyon and greenbelt views and nearby access to the popular hike/bike trails. Upgraded features include plantation shutters, large master suite, 5th bedroom as a wired media/workout room, open concept living spaces and so much more!",Single Family,30.35202980041504,-97.90496826171876,2,False,2006,1,7178.0,8.666666666666666,17,4.0,5,450000-650000,495,0.31547619047619047,1,0,2,54,1,450000-650000,4
4529,austin,"Beautiful 2 Story,2015 build with 4 bedrooms 2 baths upstairs and 1/2 bath downstairs, large kitchen and open pantry with laundry room.Walk through the beautiful 8' upgraded door into your living area with wood burn fireplace,wired in all rooms for TV wall mounts. This home has tons of upgrades,including high ceilings, upgraded vinyl plank flooring,Tile in bathrooms,open kitchen with bar top seating that is open to living and dining area.2 car large garage.And Solar panels owned and have additional",Single Family,30.347036361694336,-97.62130737304688,2,False,2015,2,4399.0,5.0,11,3.0,4,250000-350000,503,0.3485714285714286,1,0,2,46,0,250000-350000,2
8345,austin,"9605 Bundoran Dr, Austin, TX 78717 is a single family home that contains 2,235 sq ft and was built in 2006. It contains 3 bedrooms and 3 bathrooms. 
 
",Single Family,30.50055313110352,-97.76275634765624,6,False,2006,1,7840.0,8.333333333333334,16,3.0,3,450000-650000,153,-0.07142857142857142,0,0,0,13,0,450000-650000,4
2133,austin,"Location, location, location! Situated in the desirable neighborhood of Parkside at Slaughter Creek, this beautiful property features over 1,700 SF of living space, 3 spacious bedrooms, 2 full bathrooms, a dedicated office & open kitchen/breakfast/family room. You'll adore the covered rear porch, from which you can enjoy your private greenbelt lot & shaded space under the canopy of mature trees. Just 5 minutes from Southpark Meadows with it's shopping, entertainment & numerous restaurants! Must see!",Single Family,30.153823852539062,-97.7832489013672,0,False,2005,0,5488.0,5.333333333333333,15,2.0,3,250000-350000,504,0.24285714285714288,1,0,0,45,3,250000-350000,2
11425,austin,"Posh retreat upgraded to the nine’s has a modern touch of shabby chic at a great price point! 4 bedroom 3.5 bath masterpiece. Tranquil designer color, hickory floors, large windows throughout the house, 2 contemporary fireplaces in the family and the master suite. Full gourmet kitchen with silestone countertops, center island open to the family room, stainless steel app, modern glass backsplash, farmhouse sink & faucet, custom soft close cabinets with stylish hardware. Huge master with fireplace, sitting area, and renovated master bath with large walk-in closet. The second master with en suite private bath is located on opposite end of the home. Luxury finishes throughout this home.

This home is professionally listed by Eric Peterson with Kopa Real Estate. Call 512-791-7473 for more information.
",Single Family,30.305238723754893,-97.67227935791016,1,False,1971,1,10759.0,3.0,15,4.0,4,0-250000,811,0.22343358395989976,4,2,1,77,1,0-250000,1
7862,austin,"LOCATION! Lovely 3 bedroom/1 bath in popular North Shoal Creek! Desirable open concept living/dining/kitchen connects to three well apportioned bedrooms (huge master) and a full bathroom. Large fenced backyard filled with majestic pecan trees is a must-see! Perfect for entertaining and pets! Walkable to schools, coffee shops, and area shopping. Direct access to Mopac provides easy commute to downtown and the Domain! New HVAC, 2017! Attached garage, well maintained sprinkler system, and two car driveway.",Single Family,30.36542892456055,-97.73489379882812,1,False,1961,0,7666.0,5.333333333333333,13,1.0,3,250000-350000,508,0.41933899433899435,0,1,1,59,6,250000-350000,2
1053,austin,"Solar panels that will be paid off, New flooring in living room, hallways, & bedrooms. No carpet. Meticulously maintained, move in ready 1 story with a great floor plan including a large kitchen that opens to the living area which features a coffered ceiling with crown molding. This home is in a fabulous, peaceful location with a great neighborhood park with a pool, playground and hiking trails yet only 7 miles to downtown & UT and minutes to the airport!",Single Family,30.27912139892578,-97.62850189208984,2,False,2012,1,5009.0,3.6666666666666665,11,2.0,3,0-250000,459,0.3500811688311688,0,1,1,43,1,0-250000,1
3588,austin,3 bedroom 2 bath Wooten Terrace home located on a partial cul-de-sac. Carpeting installed Jan 2018. Some of the rooms have been painted.  Good size yard. Close to shopping and major roads.,Single Family,30.363956451416016,-97.7210464477539,0,False,1967,0,6926.0,4.0,14,2.0,3,250000-350000,188,0.22083333333333333,0,0,0,22,0,250000-350000,2
4640,austin,"Significant price drop!! Owner has just moved into an assisted living facility and MUST sell this property ASAP! Gorgeous one story home, gently lived in. Open MIL floorplan with 2 living rooms, or separate game/living room in between large secondary bedrooms with walk-in closet. Kitchen has beautiful solid granite countertops & pantry. Utility room is off the breakfast area. Expansive covered front porch overlooks the greenbelt. Study/office also has a high greenbelt view. Xeriscaped yard for low maintenace and water conservation.",Single Family,30.19681930541992,-97.98860931396484,2,False,2006,0,9147.0,6.0,16,2.0,3,350000-450000,537,0.25567075892857144,1,0,1,55,3,350000-450000,3
4611,austin,"This beautiful home in the Belterra Community offers instant charm and curb appeal. Knotty Alder custom cabinets, hand-scraped wood floors and stainless steel appliances are just a few upgrades that elevate the interior of this home. Hill Country living has never been sweeter - This 4 bedroom house backs to greenbelt and boasts easy access to downtown Dripping Springs as well as central Austin.",Single Family,30.20279312133789,-97.97007751464844,0,False,2014,0,8145.0,7.0,16,3.0,4,350000-450000,397,0.1976190476190476,2,0,0,41,0,350000-450000,3
9262,austin,"Oh, so central .. minutes from downtown Austin, restaurants, shopping, Downtown/Red River Entertainment District, Hancock Center. 3201 Beanna is a meticulous mid-century remodel. 3 bedrooms, 2 baths with dedicated office. Entertain in style w/ the open floorplan & completely renovated kitchen featuring 3cm quartz counters. Bathroom sparkle w/ classic clean tilework & top end fixtures. Steps from a Eastwoods Neighborhood Park.",Single Family,30.29198265075684,-97.72848510742188,2,False,1956,0,5227.0,7.333333333333332,15,2.0,3,450000-650000,429,0.1476190476190476,0,1,0,45,0,450000-650000,4
2274,austin,"Nice 2 bed room, 2 bath one story condo on the 9th Fairway of Onion Creek. From your back patio see the clubhouse, pool, driving range, fairways 9 & 10. Bonus see lots of deer & Birds. Nice & opened floor plan with lots of storage. Sprinkler Sys:Yes",Condo,30.135631561279297,-97.78565979003906,2,True,1977,3,2526.0,5.333333333333333,15,2.0,2,250000-350000,249,0.39999999999999997,0,0,2,29,0,250000-350000,2
12219,austin,"8900 Wagtail Cv, Austin, TX 78748 is a single family home that contains 1,357 sq ft and was built in 1983. It contains 3 bedrooms and 2 bathrooms. 
 
",Single Family,30.18823051452637,-97.82830047607422,0,False,1983,0,11761.2,5.666666666666668,16,2.0,3,250000-350000,152,-0.07142857142857142,0,0,0,13,0,250000-350000,2
15095,austin,"Custom built lock & leave home w/ 2 master beds, 1 up/1 down. 3rd bed & full bath up. Granite countertops, stainless appliances, tile backsplash, upgraded cabinets & pulls in kitchen, open to living. Stained, stamped concrete floors down w/ wood-like ceramic tile floors up; no carpet at all. 1 car garage & 1 car carport behind a car gate/fence w/ automatic opener. 5.89 kw solar panel on roof has saved $750 to $800 in utilities per year. Xeriscaped & artificial turf yard for absolutely minimal maintenance.",Single Family,30.33097076416016,-97.7373504638672,1,False,2006,3,7100.0,7.0,16,4.0,3,650000+,510,-0.0711111111111111,1,0,1,54,0,650000+,5
7527,austin,"3502 Eldorado Trl, Austin, TX 78739 is a single family home that contains 2,065 sq ft and was built in 1975. It contains 3 bedrooms and 2 bathrooms. 
 
",Single Family,30.16332054138184,-97.8648910522461,0,False,1975,4,23086.80000000001,7.333333333333332,17,2.0,3,450000-650000,154,-0.07142857142857142,0,0,0,14,0,450000-650000,4
7959,austin,"A  large and sophisticated Northwest Hills townhome with the master down. Extensively remodeled in 2012. Power room, master bath and kitchen were designed by Jeri Kuntz, gardens by Steve Domigan. No detail has been overlooked. High-end LED lighting, art spots, can lights mini cans. Desinger shades, quartz countertops, coffee bar,private rear court yard with hot tub. In addition to the 3 bedrooms, there is a 600 ±SF gameroom/studio/roommate suite. Community pool and clubhouse.",Townhouse,30.371543884277344,-97.74859619140624,0,False,1974,0,3484.0,7.0,17,4.0,3,650000+,480,0.16174603174603175,0,1,2,52,0,650000+,5
9002,austin,"Need an additional room for an office to work from home in? Want to have some privacy with kids in the house 24/7? Well, look no further. Make your essential travel to see this renovated gem in desirable Wells Branch today. This home features:

- Quiet & safe neighborhood 
- Master Suite downstairs
- Separate Master Walk in Closets
- Spacious bedrooms
- Open Vaulted Ceiling 
- New Stainless Steel Appliances
- New Carpet and flooring
- Excellent location minutes to major highways; I-35, Mopac, Toll I-45
- Less than 10 mins to major employers like Apple, Dell, Facebook, Amazon and Tech Corridor 
- Feeds in exemplary Round Rock ISD
- Short walk to Charter Jubilee Elementary or Public Joe Lee Johnson Elementary

Tenants pay for all utilities and maintain landscaping",Single Family,30.458904266357425,-97.68742370605467,0,False,1993,0,6316.0,5.666666666666668,14,2.5,4,250000-350000,786,0.1371212121212121,0,2,0,77,0,250000-350000,2
11141,austin,"Charming bungalow in desirable North Loop. Original pine wood floor. No carpet! Huge oversized master bedroom with redone bathroom. Smaller second bedroom/office. Gas stove/oven. Includes refrigerator and full size front loading steam washer and dryer. Huge utility/pantry. Fully enclosed back porch/work shop. Huge fully fenced back yard. Off street parking for multiple vehicles with car port. Close to everything. 5 miles to UT. Close to Mueller HEB and farmer's market. Within a block of Sala and Betty's, Kome, and turntable. North Loop Home Slice and shopping district is a short drive away.

Available for 6 or 18 mon lease terms. Tenant responsible for all utilities and yard matenance. non agressive breeds allowed with non refundable pet deposit.",Single Family,30.31281089782715,-97.71407318115234,1,False,1922,0,7056.0,6.333333333333332,16,1.0,2,350000-450000,758,0.2370535714285714,0,0,0,81,1,350000-450000,3
995,austin,"Located in the desirable Davenport Ranch community, you'll love the stunning views provided by the wall of windows across the back of this home. Recently updated, the main level includes a gorgeous kitchen with quartz countertops, two living areas perfect for entertaining, a large dining room and hardwood floors throughout. The large master suite is also located on this level with a private door to the balcony.   Downstairs includes three spacious bedrooms, 2 full bath and an a another entertaining space leading to the large patio and back yard. Located in the Eanes School District.",Single Family,30.325422286987305,-97.8087158203125,0,False,1995,1,19166.4,9.0,15,4.0,4,650000+,589,0.323968253968254,1,1,2,54,0,650000+,5
12239,austin,"* 9-Miles from Downtown
* Southwest Austin Home (Legend Oaks)
* Large Trees
* Well maintained
* Convenient access via Hwy 290 or Mopac
* Trendy shopping and restaurants nearby at Arbor Trails (Whole Foods)
* Gold's, 24 Hour, Lifetime Fitness health clubs nearby
* Close to Barton Creek Mall
* Austin ISD
    * Mills (Elementary School)
    * Small (Middle School)
    * Bowie (High School)
* Carpet in bedrooms. Hardwood floors, tile, marble everywhere else.  Custom wood cabinet doors and trim in kitchen and shared bathroom.  Transformation granite counter tops in kitchen.  Granite countertops in shared bath.  Marble floors in master and shared bath.  
* Downstairs: Formal living room flows into cozy den, kitchen, breakfast nook area.  Use all these areas to entertain, or relax in the cozy area.  Gas stove in kitchen.  Large pantry next to cooking area.  Washer and dyer next to pantry.  
* Upstairs:  The master is suitable for separate living area and office.  No need to use a guest bedroom for an office.  Two guest bedrooms with shared bath.  The master bath has a wrap around walk in closet with plenty of space for him/her.
*  This home is perfect for entertaining or spending a quiet night at home in the cozy area or living area of your master bedroom.
* Ceiling fans in all rooms
* Radiant barrier and R-60 in the attic plus huge trees saves energy in the summer.
* Back yard patio off back door, limestone throughout, shaded by large trees.
",Single Family,30.220684051513672,-97.87474822998048,2,False,1993,0,6795.0,8.0,17,3.0,3,350000-450000,1479,0.16680272108843536,1,0,1,120,0,350000-450000,3
3576,austin,"7714 Robalo Rd, Austin, TX 78757 is a single family home that contains 1,410 sq ft and was built in 1956. It contains 3 bedrooms and 1.5 bathrooms. 
 
",Single Family,30.35020065307617,-97.7221221923828,0,False,1956,0,8190.0,7.0,16,1.5,3,350000-450000,153,-0.07142857142857142,0,0,0,13,0,350000-450000,3
8339,austin,"15104 Thatcher Dr, Austin, TX 78717 is a single family home that contains 3,033 sq ft and was built in 2001. It contains 4 bedrooms and 3 bathrooms. 
 
",Single Family,30.49413299560547,-97.76868438720705,0,False,2001,0,8232.0,8.0,16,3.0,4,350000-450000,154,-0.07142857142857142,0,0,0,13,0,350000-450000,3
10434,austin,"Come check this one of a kind renovated home in 78745. Great location, 7 Miles to downtown, close to I35, and low low tax rate. Remodeling work attention to detail, all fixtures selected with love and care. Accent wall in dinning and living room. Even more beautiful in person, a must see! New kitchen, bathroom, flooring, SS appliances, solid core interior doors, landscaping and so much more...",Single Family,30.19049644470215,-97.78466796875,2,False,1980,2,7535.0,3.333333333333333,13,2.0,3,350000-450000,396,0.4036363636363636,1,2,0,45,1,350000-450000,3
9799,austin,"Great property close in to Austin and UT/ St Eds campuses. Move in, Rent It or Great spot to build your dream home. next door to newer builds.  LARGE LOT which Backs to greenbelt. Garage is approx 750 sq ft. Ready for your improvements and upgrades.",Mobile / Manufactured,30.274152755737305,-97.70542907714844,3,False,2001,0,8232.0,5.333333333333333,14,2.0,3,350000-450000,249,0.40285714285714286,0,0,1,25,0,350000-450000,3
2861,austin,"Beautiful home located in Northwest Hills area on private double cul-de-sac. Spacious open plan features lovely wood & tile flooring (no carpet!), high ceilings, crown molding, & large windows that let in lots of natural light. Gourmet kitchen features center island, granite counters, ss appliances, breakfast bar, and opens to living & dining areas. Master suite up w/study, two closets, & spa-like bath. Private backyard w/large deck, hot tub & garden shed. Minutes to schools, Arboretum, Domain, & more!",Single Family,30.383190155029297,-97.74712371826172,2,True,1996,0,5140.0,7.0,17,3.0,4,350000-450000,507,0.24032967032967031,2,0,3,58,2,350000-450000,3
4222,austin,"Just upgraded. Over 30K in upgrades. NEW flooring in master and living room, new tile in kitchen and bathrooms, new bath, new countertops in kitchen, new dishwasher, new roof 2 years ago. No carpet! Master downstairs. New AC 2014. Freshly painted.",Single Family,30.332778930664062,-97.64578247070312,2,False,1995,0,3920.0,3.6666666666666665,14,3.0,3,0-250000,247,0.16107954545454545,0,1,0,22,1,0-250000,1
5388,austin,"Unbelievable, Panoramic Hill Country Views! This picture-perfect home with 18 foot ceilings backs to the greenbelt and boasts an incredibly open floor plan with a well lit interior. The extended garage could be used for a workshop or an exercise area. Real wood flooring and brand new carpet in the bedrooms. Spacious master suite with large walk-in closet.",Single Family,30.24127769470215,-97.90046691894533,0,False,2003,1,9016.0,6.666666666666668,17,4.0,4,450000-650000,357,0.047629870129870126,0,1,2,40,1,450000-650000,4
14445,austin,"Lowest price for Casis! One story home with recently updated modern exterior by Davey McEathron Architecture. Attractive gated courtyard entry. Generously sized rooms for comfortable living. Private backyard w/deck.  Many recent improvements including HVAC, Roof, Insulation, Hardiplank siding, Windows. Solar panels and rain collection contribute to low utilities. Architect 2011 Critics Pick in Austin Chronicle Best of Austin. Zoned SF3",Single Family,30.30175018310547,-97.75760650634766,0,False,1959,1,6011.0,7.0,16,3.0,3,250000-350000,439,0.3222222222222222,0,3,2,51,1,250000-350000,2
11114,austin,Welcome home to this lovely 1927 arts and crafts jewel in the middle of North Hyde Park.  Live large in this quaint small home with original hardwood floors and vast amounts of natural light streaming into the home.  Utility room is just off the perfect kitchen for efficient preparation of meals.  Home sits on a small lot with soaring Pecan trees and a large above ground garden.  The one bedroom is cozy and leads to a deck under the protecting canopy of the large pecan in the back yard.  Sit around the fire pit in the back yard and enjoy the serenity.  Don't miss this wonderful one of a kind home with everything that you need and nothing you don't!,Condo,30.31344985961914,-97.72348022460938,0,False,1929,0,3920.0,6.333333333333332,16,1.0,1,250000-350000,656,0.2573438466295609,0,0,2,58,1,250000-350000,2
5392,austin,"	Open and bright home perfect for entertaining! Keep the sparkling in-ground pool with multiple decks all to yourself -or invite the neighbors. The lush backyard backs to a wet-weather creek with large trees for privacy. The open living/dining area has stately rock fireplace, vaulted ceilings, and rich wood floors. Kitchen is cheery with window to stone outdoor sitting area. Location has easy access to highways, 5 mins away from Jack Allen's Kitchen, Violet Crown Hike & Bike Trail, and 15 mins to downtown.",Single Family,30.237586975097656,-97.88818359375,2,False,1973,2,13939.2,6.666666666666668,17,2.0,3,350000-450000,511,0.3770562770562771,0,0,3,53,1,350000-450000,3
8651,austin,"Rare 1 story, 3 beds/2 bath home w open kitchen and living space - great for family & entertaining! Highly sought after Wells Branch neighborhood, conveniently located to main roads (IH35 & Loop 1) & high-end shopping -Wood laminate flooring throughout the house (no carpet), upgraded lights, & painted cabinets in kitchen - Beautifully updated bathrooms - long, extended back patio allows a nice space for family & friends to enjoy! The home exterior will be painted soon",Single Family,30.44559669494629,-97.67936706542967,0,False,1983,0,7100.0,5.333333333333333,14,2.0,3,250000-350000,472,0.3592424242424243,0,1,1,49,2,250000-350000,2
6376,austin,"Spacious home in a great location only minutes to downtown! Hop on 360, Mopac, or 290/71 for an easy commute! 2 car garage, w/d connections, fridge, fenced backyard with dog run!, big trees, custom built bar top in living room, lots of windows and walk in closets and ceiling fans in every room!",Single Family,30.21401596069336,-97.816650390625,2,False,1978,0,7710.0,4.666666666666667,14,2.0,3,350000-450000,295,0.42041666666666677,1,0,1,35,4,350000-450000,3
7572,austin,"A home without the home work! This is the way remodels should be done. The attention to detail is superb in this 3 bedroom 2 bath home. Major updates in the kitchen and master bath. Recent windows, roof and flooring. Amenities include a neighborhood park across the street, a pool/tennis complex and available clubhouse. School track is one of the best in AustinISD. Dedicated study for work at home and flex space that could be workout/yoga space, formal dining or play space. Come see your new home today!",Single Family,30.16092872619629,-97.85213470458984,0,False,1987,0,8363.0,7.333333333333332,17,2.0,3,350000-450000,507,0.3332792207792208,0,2,1,49,2,350000-450000,3
8135,austin,"Investment opportunity.  Each unit has single car garage, washer dryer connections and wood privacy fenced back yards.  Exterior and side A interior have recent paint.  Approximately 1/10 mile to public pool.",Multiple Occupancy,30.467153549194336,-97.7842254638672,0,False,1984,0,14810.4,6.0,14,4.0,6,250000-350000,208,-0.09428571428571428,0,1,2,23,0,250000-350000,2
10615,austin,"3507 Garden Villa Ln, Austin, TX 78704 is a single family home that contains 1,572 sq ft and was built in 1969. It contains 3 bedrooms and 2 bathrooms. 
 
",Single Family,30.23314666748047,-97.77140045166016,0,False,1969,0,6534.0,3.0,14,2.0,3,650000+,157,-0.07142857142857142,0,0,1,14,0,650000+,5
3080,austin,"Rare chance to purchase a lot in Northwest Hills and build your dream house with downtown Austin and Hill Country views. Heritage trees are in lot setbacks so plenty of room to build.  There is an existing home on the property which is considered a tear down. It is not historic, just the home built by the original owners in the 1960's without regard for the view and in poor condition with no updating, so it is considered obsolete.
            Build the home you want in one of the most desirable neighborhoods in Austin.",Single Family,30.353111267089844,-97.76651000976562,2,False,1962,0,15245.999999999998,7.0,16,5.0,3,650000+,525,0.10324074074074073,0,0,1,38,0,650000+,5
10075,austin,"Cozy two-story, 2 bedroom, 1.5 bath, washer/dryer, dishwasher, fridge, large front yard, small side yard deck. ",Single Family,30.277477264404297,-97.69403839111328,0,False,2006,1,3528.0,3.333333333333333,13,2.0,2,250000-350000,111,-0.07857142857142857,0,0,1,15,0,250000-350000,2
10733,austin,"Modern stand alone 2/2.5 condo in gated community that lives more like a townhouse.  Upgraded silestone counters, tankless water heater, stainless appliances, built in desk for a perfect home office space, upgraded wood floors installed upstairs and recently installed (2/22/2018) super durable and water resistant PVC line LVT downstairs.  Just two miles from everything on SoCo and less than 4 miles from downtown.  Community includes amazing pool, common grounds for picnics and a great dog park for Fido. Fridge, washer & dryer to convey.",Condo,30.22620010375977,-97.73834991455078,0,False,2014,0,3776.0,4.0,14,3.0,2,250000-350000,542,0.3166666666666667,0,1,2,56,0,250000-350000,2
12345,austin,"Amazing 4 bedroom 2.5 bath 2 story Scott Fielder home with master down. Great open floor plan with wood floors and game room/loft up. Incredibly done kitchen and master bath remodel that will wow all. Fabulous back yard with lots of big trees.  Close to community amenities, area schools and entertainment. New Pressure Treated Wood Back Yard Deck Installed 8/2018.",Single Family,30.218475341796875,-97.8751449584961,2,False,1995,0,6098.0,8.0,17,3.0,4,350000-450000,365,0.19840067340067338,0,1,1,39,0,350000-450000,3
4468,austin,"Gated Entry, Circle Driveway, 5 car detached garage, 2 Car Attached Oversized Garage, Irrigation System, Over-sized Back Porch, 5 Acres, Cul-De-Sac, Privacy, Office, Vaulted Ceilings, Fireplace Place look (never used), Media Room, Huge Play Room, Granite throughout house, Huge Kitchen Island, Stone Work in Kitchen and on Island, Big Master Bedroom with French Doors, Jacuzzi Tub and Walk in Shower, His and Hers Master Closets, Water Well powered by Solar Panels, Storage Tank System with separate Tank for Irrigation System and separate Pumps, Water Filtration System, Reverse Osmosis at Kitchen Island that connects to Refrigerator water line, Above Garage is Decked ready for Finish out (Possible Man Cave or Hidden Room), All 5 Acre's Fully Fenced, ",Single Family,30.233570098876964,-98.00807189941406,7,True,2017,3,211701.6,6.666666666666668,16,4.0,4,650000+,755,0.0925925925925926,0,0,3,71,0,650000+,5
9791,austin,"Hottest remodel in trendy East Austin! This home features 3 beds, 2 baths, plus a 1 bathroom detatched studio apartment in the back with a full kitchenette! Use it for extra income, a home office, yoga, whatever you want! Brand new Bosch appliances, walnut shelves, wood floors, and custom cabinetry throughout. Interior design by SLIC Designs.",Single Family,30.27668380737305,-97.70320892333984,0,False,1946,1,5009.0,6.666666666666668,15,3.0,4,350000-450000,344,0.26477272727272727,1,1,0,38,3,350000-450000,3
12794,austin,"11122 S Bay Ln, Austin, TX 78739 is a single family home that contains 3,355 sq ft and was built in 1994. It contains 5 bedrooms and 3 bathrooms. 
 
",Single Family,30.187259674072266,-97.89669799804688,2,False,1994,2,7361.0,9.0,18,3.0,5,450000-650000,151,-0.07142857142857142,0,0,0,13,0,450000-650000,4
14389,austin,"Huge opportunity to own one of Tarrytown's largest lots with views! On over 1/3 acre, the property sits at the top of a hill with mostly flat terrain. Walkable to Casis, shopping, restaurants and the lake. Built in 1964, it has only had three owners and has been very well cared for. In the winter, you can see the UT Tower from the back porch. This property is prime for a restoration or a new home. Bring your ideas, architects and builders!",Single Family,30.30851554870605,-97.76892852783205,0,False,1964,0,14810.4,7.0,16,2.0,3,650000+,443,0.24943181818181817,0,1,1,39,2,650000+,5
8802,austin,"WOW! FANTASTIC opportunity in Wells Branch. Freshly remodeled and ready for immediate move-in, this home is sure to check all of your boxes! Welcoming, open floorplan upon entry with updated kitchen featuring stone countertops, stainless steel appliances and plenty of cabinet/counter space! NO CARPET - wood and tile floors throughout! Spacious bedrooms, tastefully updated bathrooms, and INCREDIBLE backyard w/ screened in covered porch, massive concrete patio PLUS your own secret walking trail directly behind the house. EZ application process! Don't miss this opportunity - SEE IT TODAY!",Single Family,30.45148658752441,-97.6752700805664,4,False,1992,0,7492.0,5.333333333333333,14,2.0,3,250000-350000,592,0.19903846153846153,0,2,1,60,6,250000-350000,2
9479,austin,"Imagine finding a rare gem of a home in Travis Heights with everything you'd want in a 78704 property that is truly hard to find.  Four bedrooms, three full baths?  Check! Over one-third of an acre with huge trees, an inground heated pool, outbuilding and still plenty of outdoor space for kids to play and adults to entertain?  Check!  Two masters with en-suites, one upstairs and one downstairs with a private exterior entrance? Check again.  Two living rooms, one game room, one flex space, with hardwood floors and contemporary tile throughout the home make this house the ideal property for you and your family to enjoy for years to come.",Single Family,30.244281768798828,-97.739013671875,2,False,1942,0,15681.6,4.333333333333333,14,3.0,4,650000+,643,0.2236111111111111,0,0,1,61,2,650000+,5
5120,austin,"Great one-story family home, 3-2 with open floor plan. Three sides brick. Vaulted ceilings with crown molding in living and master bedroom. Ceramic tile with carpet in bedrooms. Stainless steel refrigerator, washer and dryer convey. Two inch wooden blinds. Large master bedroom with walk-in closet. Mature trees and nice landscaping. Large back yard with room to play. 

Great location close to schools, shopping and dining. Award winning Bowie High School, Cowan Elementary, and Covington Middle School. 

Priced at $225,900. Owner financing available. Buyer's agents welcome. 

Join us at an open House this Sunday, October 27th from 1-5 at 2924 Lagerway Cove, Austin. 78748",Single Family,30.18291664123535,-97.83692169189452,0,False,1998,0,6664.0,6.666666666666668,16,2.0,3,250000-350000,682,0.299327731092437,0,0,0,74,0,250000-350000,2
6049,austin,"Don't miss this immaculate two-story home on a well-sized lot in coveted Steiner Ranch! Functional open floor plan with generous entertaining spaces, stone fireplace in family room, formal dining, separate study off the front entry, and spacious game room upstairs. Entertain in the well-built gourmet kitchen with tons of cabinets, double oven, granite counters, walk-in pantry and breakfast nook. Beautiful wall of windows brings the outside in and creates a sense of tranquility. Home opens to a large backyard with a gorgeous patio perfect for outdoor entertaining and has plenty of room to build that dream pool! The master suite on main with double-vanity bath is a perfect retreat. All guest bedrooms upstairs are well-sized. One bedroom has a full bath to itself and would make a great in-law/guest suite. Great storage in the 2+ car garage. Wonderful community with top-rated schools and topnotch amenities.",Single Family,30.35801315307617,-97.90702056884766,2,False,2008,2,9104.0,8.666666666666666,17,4.0,4,350000-450000,916,0.4753720238095237,2,1,4,87,2,350000-450000,3
14714,austin,"Charming bungalow with tons of potential in the heart of Oakmont Heights. The main house is a 2/1 and is rented out month-to-month for $1650 minus 33% of the electric bill.  The 432 SF garage has been converted to a 1/1 and rented out for $850/month.  This property could be a great developer opportunity, rental investment, or update the property and live on a charming street in the heart of Central Austin!  Great walkability in the neighborhood!",Single Family,30.30898094177246,-97.75300598144533,0,False,1941,2,7100.0,6.0,16,2.0,3,450000-650000,449,0.3781144781144781,0,0,1,33,2,450000-650000,4
12414,austin,"7002 Hanging Oak Cir, Austin, TX 78749 is a single family home that contains 1,987 sq ft and was built in 1976. It contains 3 bedrooms and 2 bathrooms. 
 
",Single Family,30.22060966491699,-97.84784698486328,2,False,1976,0,10454.0,6.0,17,2.0,3,350000-450000,157,-0.07142857142857142,0,0,0,15,0,350000-450000,3
4722,austin,"3210 Lacevine Ln, Austin, TX 78735 is a single family home that contains 3,916 sq ft and was built in 1984. It contains 4 bedrooms and 3 bathrooms. 
 
",Single Family,30.285160064697266,-97.87962341308594,0,False,1984,0,58806.00000000001,5.666666666666668,16,3.0,4,650000+,153,-0.07142857142857142,0,0,0,13,0,650000+,5
11519,austin,Perfect investment opportunity in University Hills. Make this property your own,Single Family,30.31796264648437,-97.68299865722656,2,False,1961,0,10193.0,2.333333333333333,14,2.0,3,350000-450000,79,0.8,0,0,0,7,0,350000-450000,3
14758,austin,"Classic charming 30's Hyde Park bungalow w/ updated bathroom & kitchen, loft, tankless water heater, A/C & ducting new in 2018, front & back landscaped & large back covered back porch w/ skylights + more! Pre-inspected & move-in ready! Add on, build new or enjoy as-is! Lot will accommodate appx. 2600sqft & falls outside the Hyde Park Historic District regs. Currently flood plain but house is elevated & elevation cert could exempt from flood plain.",Single Family,30.311004638671875,-97.7284698486328,0,False,1934,2,6708.0,7.333333333333332,15,1.0,2,450000-650000,451,0.14375676406926405,0,2,0,47,3,450000-650000,4
6100,austin,"2319 Farnswood Cir, Austin, TX 78704 is a single family home that contains 1,979 sq ft and was built in 1974. It contains 3 bedrooms and 2 bathrooms. 
 
",Single Family,30.252063751220703,-97.79116821289062,0,False,1974,0,10890.0,6.0,16,2.0,3,650000+,155,-0.07142857142857142,0,0,0,14,0,650000+,5
1092,austin,"MOVE IN READY!! Gorgeous 4 Bedroom 2.5 Bathroom home is in great condition! Open floor plan with a big living area. The huge master suite features double vanity, garden tub, separate shower, and walk in closet. The nice oversize lot makes for a great back yard complete with patio and privacy fencing. Located minutes away from great schools and restaurants. Come see this GREAT home today!!",Single Family,30.257028579711925,-97.57604217529295,2,False,2008,0,7840.0,2.6666666666666665,13,3.0,4,0-250000,391,0.43942307692307697,0,0,2,44,5,0-250000,1
11381,austin,"1 story, 3 bedroom, 2 bath condo!!! New Modern interiors featuring granite counters, stainless steel appliances, utility room, security system. New plumbing & hvac. Covered parking, concrete patios & fully fenced backyards. Captivating family/kitchen/dining room with vaulted ceiling, brick accent wall w/wood burning fireplace. New low maintenance landscaping. Walk to grocery stores, shops & restaurants!<5 miles to UT and downtown & on bus & bike routes! Huge legacy trees for wonderful shade. Puppies and children of all ages will love the completely fenced and shaded yards! Tremendous income producing potential. Possibilities are endless!  Walk to grocery stores, shops & restaurants!",Condo,30.326377868652344,-97.6933135986328,1,False,1965,0,11761.2,3.333333333333333,15,2.0,3,0-250000,691,0.24147411616161615,0,2,2,69,8,0-250000,1
13578,austin,"Charming, updated 3/2 in popular SW Austin zip!  Updates include quartz counters, soft close cabinets, ss appliances, and new flooring throughout.   Great storage with walk-in closets in each bedroom! Updated light fixtures and new windows installed in Jan. 2020.  AC replaced in 2016, water heater replaced 2018 and roof replaced 2015 .  Smart garage door opener and nest thermostat. Enjoy large backyard and relaxing on deck.",Single Family,30.208574295043945,-97.85263061523438,2,False,1986,1,6490.0,4.666666666666667,14,2.0,3,250000-350000,427,0.4051298701298701,0,2,2,45,2,250000-350000,2
8197,austin,"Come home to updated comfort, luxury, and privacy at this end-of-cul-de-sac home in tree-filled Oak Brook.  Bordered by greenbelt with quick access to Brushy Creek Trail and Olsen Meadows. Spacious 6 bedrooms (master+1 down) or 5+office, 4 full baths, 2 living spaces down and large game room up. Updates include American cherry floors, white shaker-style cabinets, granite counters, stainless appliances, refreshed paint, custom master bath with travertine, fixtures, deck, and shed.  Owner is listing agent.",Single Family,30.51691627502441,-97.7467269897461,2,False,1999,0,11761.2,7.0,16,4.0,6,450000-650000,509,0.0429453262786596,2,1,1,56,0,450000-650000,4
7093,austin,"Clean corner lot cutie in 78745. Well maintained with new floors (no carpet), fresh paint, move-in ready! Easy access to I-35 and Mopac, as well as all the attractions on Congress, Lamar and Machaca.",Single Family,30.19821739196777,-97.79801940917967,2,True,1974,0,7187.0,3.333333333333333,13,2.0,3,250000-350000,199,0.29727272727272724,0,2,0,21,1,250000-350000,2
5420,austin,"Fantastic buy in South Austin.  This recently remodeled home is move-in ready!  Freshly painted, new flooring throughout, new HVAC, new appliances, less than one year old roof and so much more!  Huge backyard offers plenty of space for whatever your heart desires.",Single Family,30.209970474243164,-97.7782211303711,0,False,1966,0,7623.0,4.0,14,3.0,3,250000-350000,264,0.20145202020202022,0,2,0,30,2,250000-350000,2
4096,austin,"2-story home in highly desirable Central Austin neighborhood of Riverside Meadows. 3 bedroom, 2.5 bath home with large bonus room up features wide open floorpan, high ceilings & large backyard. Spacious kitchen open to living room with eat-in breakfast area & breakfast bar. Perfect opportunity for investors or those looking to put their own stamp on their next home! Minutes to downtown, new Domain, ABIA, shopping, dining & entertainment.",Single Family,30.222013473510746,-97.6926040649414,2,False,2007,0,5052.0,4.333333333333333,14,3.0,3,250000-350000,441,0.19874458874458875,0,1,0,43,1,250000-350000,2
10668,austin,"Look no further if you want a cute bungalow in an awesome neighborhood on a large lot! This bright and cheerful home feels warm and welcoming with its vintage wood floors and updated bathroom. Impressive energy efficiency features include solar panels, electric car plug-in, recent HVAC and many updated wood double pane windows. The huge, beautifully landscaped backyard is a paradise with a nearly 300 sf air conditioned studio with a large covered patio. Don't' miss the outdoor shower that's back there!",Single Family,30.21915054321289,-97.7808074951172,1,False,1953,0,9496.0,3.333333333333333,13,1.0,2,250000-350000,507,0.4082589285714286,0,2,1,51,2,250000-350000,2
12545,austin,"Charming Legend Oaks Home*Beautifully manicured & expansive front yard*Hardwood flooring*Desirable floor plan w/master downstairs & game room upstairs*Recent interior paint*Beautifully updated kitchen w/granite counters, painted cabinets, stainless steel appliances & subway tile backsplash*Built-in cabinetry & granite counters in utility room*New carpet in master& study (4/2019)*Spacious master suite w/separate office room*Large deck w/built-in benches*Mature trees*Hot tub*Easy access to Legend Oaks Park",Single Family,30.22475433349609,-97.86734008789062,0,True,1988,0,7535.0,6.0,17,3.0,3,350000-450000,509,0.16666666666666666,0,3,1,55,0,350000-450000,3
7855,austin,"8210 Sandalwood Cv, Austin, TX 78757 is a single family home that contains 1,573 sq ft and was built in 1960. It contains 3 bedrooms and 2 bathrooms. 
 
",Single Family,30.36601257324219,-97.73521423339844,0,False,1960,0,11761.2,5.333333333333333,13,2.0,3,350000-450000,155,-0.07142857142857142,0,0,0,13,0,350000-450000,3
14080,austin,"Back on the Market! Buyer terminated before inspection due to personal reasons.Updated home in desired NW Austin location.  Just 3 miles from the new Apple facility, 5 miles to the Domain and minutes to restaurants and shopping. Features include updated hardy siding, updated windows, recent paint inside and out plus updated kitchen and bathrooms.  Large lot with drought tolerant landscaping.  Plenty of room for parking a boat or RV on the side of the home.",Single Family,30.460695266723643,-97.77183532714844,2,False,1985,0,13939.2,5.333333333333333,12,2.0,3,250000-350000,460,0.037608225108225105,0,3,0,42,1,250000-350000,2
4342,austin,"Come see this lovingly maintained home on cul-du-sac in Belterra. Fantastic layout w/well apportioned spaces that include high ceilings, wood floors, walls of windows/natural light, & stone fireplace. Gourmet kitchen sizzles w/granite/marble, SS appliances, & abundance of cabinets/counter space. Main floor has LG master bedroom & secondary bedroom. Enjoy your PRIVATE backyard with oversized covered patio, & lush landscaping. Walk to shops, recreation, restaurants, & exemplary DS elementary/middle schools.",Single Family,30.18313407897949,-97.97956848144533,3,False,2015,3,9844.0,6.0,16,3.0,4,450000-650000,510,0.22266666666666665,1,0,2,53,0,450000-650000,4
5360,austin,"Modern one-story home with a view of the Fazio Canyons golf course. Drive your own cart to the course. The listing price includes a club-approved golf cart! The nearby Canyons clubhouse is now under construction and will offer additional amenities, including dining. This home features high-end finish out and an open floor plan, further opening to a wonderful outdoor living area with outdoor kitchen and fire pit. This home is perfect for entertaining or just enjoying a relaxed Barton Creek lifestyle.",Single Family,30.273456573486328,-97.87445831298828,3,False,2015,0,11325.6,5.666666666666668,16,4.0,3,650000+,504,0.49375,0,1,1,46,1,650000+,5
12406,austin,This is the one for which you've been waiting! Highly sought after single story located on a tucked-away gem of a street only 10 miles from downtown. Open concept floor plan with vaulted ceiling lives and feels larger than square footage. Laminate floors. Fully-remodeled master shower. No Carpet. Beautifully canopied yard with old-growth oak trees. Minutes from Southpark Meadows with ultra-convenient access to both I-35 and Mopac.,Single Family,30.176666259765625,-97.8053207397461,0,False,1987,0,5706.0,3.333333333333333,14,2.0,3,250000-350000,434,0.15642857142857144,0,1,0,44,1,250000-350000,2
11315,austin,"Mueller Town Green home is an easy walk to HEB & town center.  Four nice bedrooms, three full baths plus bonus living space with bar on 3rd floor.  Luxury kitchen with huge island, granite counters and stainless appliances.  Large Pantry and oversized garage with utility sink.  Amazing contemporary finishes and no carpet! Hardwoods/Tile throughout. Covered patio has skyline views.",Townhouse,30.30077934265137,-97.70079803466795,2,False,2014,0,1219.0,5.0,15,4.0,4,450000-650000,383,0.24599567099567102,1,0,3,46,1,450000-650000,4
12838,austin,"10709 Redmond Rd, Austin, TX 78739 is a single family home that contains 2,822 sq ft and was built in 1993. It contains 4 bedrooms and 2.5 bathrooms. 
 
",Single Family,30.189077377319336,-97.88623046875,2,False,1993,2,7187.0,9.0,18,2.5,4,450000-650000,155,-0.07142857142857142,0,0,0,13,0,450000-650000,4
9808,austin,"3012 East 13th Street, Austin, TX 78702",Single Family,30.27744674682617,-97.70352172851562,3,False,1950,2,6098.0,6.666666666666668,15,1.0,3,350000-450000,39,0.0,0,0,0,6,0,350000-450000,3
9040,austin,"Stunning, updated home in exemplary school district minutes to The Domain, Arboretum and major employers. Located on a large corner lot of a cul de sac, this home offers a spacious layout with bonus room that can be a guest suite or game room. Skylights bring in abundant natural light. Enjoy the private backyard with heated pool & spa  surrounded by large shade trees. The outdoor grill/fireplace make this yard perfect for entertaining. HVAC replaced in 2016. Move in ready, this home is a must see!",Single Family,30.419382095336925,-97.77305603027344,0,False,1984,0,14810.4,8.333333333333334,16,3.0,3,450000-650000,502,0.2815051020408163,1,1,3,53,1,450000-650000,4
1299,austin,"Single story home built in 2011. This premium built home has 4-bedrooms, 2-full baths, a game room loft, and a 2-car garage. Nearly an acre of land (.93 acres), snuggled in private cul-de-sac. Home is clean, well kept, and has trendy colors and floorplan. The interior finish-out is not fully complete, although it is move-in ready. Listing has been priced taking into consideration the work needed to fully complete the finish-out. Five miles from the Circuit of the Americas Raceway. HURRY this is a HOT DEAL and will GO QUICK.",Residential,30.12606811523437,-97.69336700439452,2,False,2011,2,40510.8,3.6666666666666665,12,2.0,4,250000-350000,529,0.1435064935064935,1,0,1,49,0,250000-350000,2
8855,austin,"12202 Antoinette Pl, Austin, TX 78727 is a single family home that contains 2,218 sq ft and was built in 1983. It contains 4 bedrooms and 3 bathrooms. 
 
",Single Family,30.41928482055664,-97.7222900390625,0,False,1983,2,7535.0,6.666666666666668,15,3.0,4,450000-650000,156,-0.07142857142857142,0,0,0,13,0,450000-650000,4
6696,austin,Come check out this adorable single story in the hot 78745! This single story has wood floors throughout and high ceilings. The yard is like your very own oasis and is perfect for entertaining! This one won't last!,Single Family,30.19604301452637,-97.79534912109376,0,False,1975,3,7143.0,3.333333333333333,13,2.0,3,350000-450000,214,0.3594047619047619,0,0,0,19,3,350000-450000,3
13502,austin,"Beautiful 60s-style modern home with recent updates. Stack-stone front exterior, new wood flooring, tile counters, large oak trees. Located in an established neighborhood on a quiet street, lined with huge oak trees. Walk to Garrison park, restaurants, library, and ACC. Half a block away from major bus routes, including Nite Owl service to/from Downtown.",Single Family,30.21848106384277,-97.79383087158205,1,False,1962,0,6751.0,4.666666666666667,14,1.0,3,350000-450000,356,0.188498075998076,1,3,0,43,0,350000-450000,3
